id,ident,type,name,latitude_deg,longitude_deg,elevation_ft,continent,iso_country,iso_region,municipality,scheduled_service,gps_code,iata_code
3,AGGH,large_airport,Honiara International Airport,-9.428,160.054993,28,OC,SB,SB-GU,Honiara,yes,AGGH,HIR
65,AYMO,large_airport,Momote Airport,-2.06189,147.423996,12,OC,PG,PG-MRL,Manus Island,yes,AYMO,MAS
67,AYPY,large_airport,Port Moresby Jacksons International Airport,-9.443380356,147.2200012,146,OC,PG,PG-NCD,Port Moresby,yes,AYPY,POM
123,BIKF,large_airport,Keflavik International Airport,63.985001,-22.6056,171,EU,IS,IS-2,Reykjavík,yes,BIKF,KEF
1717,CYEG,large_airport,Edmonton International Airport,53.30970001,-113.5800018,2373,NA,CA,CA-AB,Edmonton,yes,CYEG,YEG
1770,CYHZ,large_airport,Halifax / Stanfield International Airport,44.88079834,-63.50859833,477,NA,CA,CA-NS,Halifax,yes,CYHZ,YHZ
1840,CYOW,large_airport,Ottawa Macdonald-Cartier International Airport,45.32249832,-75.66919708,374,NA,CA,CA-ON,Ottawa,yes,CYOW,YOW
1864,CYQB,large_airport,Quebec Jean Lesage International Airport,46.7911,-71.393303,244,NA,CA,CA-QC,Quebec,yes,CYQB,YQB
1928,CYUL,large_airport,Montreal / Pierre Elliott Trudeau International Airport,45.47060013,-73.74079895,118,NA,CA,CA-QC,Montréal,yes,CYUL,YUL
1941,CYVR,large_airport,Vancouver International Airport,49.19390106,-123.1839981,14,NA,CA,CA-BC,Vancouver,yes,CYVR,YVR
1946,CYWG,large_airport,Winnipeg / James Armstrong Richardson International Airport,49.90999985,-97.23989868,783,NA,CA,CA-MB,Winnipeg,yes,CYWG,YWG
1973,CYYC,large_airport,Calgary International Airport,51.11389923,-114.0199966,3557,NA,CA,CA-AB,Calgary,yes,CYYC,YYC
1986,CYYT,large_airport,St. John's International Airport,47.61859894,-52.75189972,461,NA,CA,CA-NL,St. John's,yes,CYYT,YYT
1990,CYYZ,large_airport,Lester B. Pearson International Airport,43.67720032,-79.63059998,569,NA,CA,CA-ON,Toronto,yes,CYYZ,YYZ
2050,DAAG,large_airport,Houari Boumediene Airport,36.691002,3.21541,82,AF,DZ,DZ-16,Algiers,yes,DAAG,ALG
2090,DGAA,large_airport,Kotoka International Airport,5.6051898,-0.166786,205,AF,GH,GH-AA,Accra,yes,DGAA,ACC
2104,DNAA,large_airport,Nnamdi Azikiwe International Airport,9.006790161,7.263169765,1123,AF,NG,NG-FC,Abuja,yes,DNAA,ABV
2118,DNMM,large_airport,Murtala Muhammed International Airport,6.577370167,3.321160078,135,AF,NG,NG-LA,Lagos,yes,DNMM,LOS
2125,DRRN,large_airport,Diori Hamani International Airport,13.4815,2.18361,732,AF,NE,NE-8,Niamey,yes,DRRN,NIM
2133,DTTA,large_airport,Tunis Carthage International Airport,36.85100174,10.22719955,22,AF,TN,TN-11,Tunis,yes,DTTA,TUN
2155,EBBR,large_airport,Brussels Airport,50.90140152,4.48443985,184,EU,BE,BE-BRU,Brussels,yes,EBBR,BRU
301881,EDDB,large_airport,Berlin Brandenburg Airport,52.362247,13.500672,157,EU,DE,DE-BR,Berlin,yes,EDDB,BER
2212,EDDF,large_airport,Frankfurt am Main Airport,50.036249,8.559294,364,EU,DE,DE-HE,Frankfurt am Main,yes,EDDF,FRA
2214,EDDH,large_airport,Hamburg Helmut Schmidt Airport,53.630402,9.98823,53,EU,DE,DE-HH,Hamburg,yes,EDDH,HAM
2216,EDDK,large_airport,Cologne Bonn Airport,50.86589813,7.142739773,302,EU,DE,DE-NW,Cologne,yes,EDDK,CGN
2217,EDDL,large_airport,Düsseldorf Airport,51.289501,6.76678,147,EU,DE,DE-NW,Düsseldorf,yes,EDDL,DUS
2218,EDDM,large_airport,Munich Airport,48.353802,11.7861,1487,EU,DE,DE-BY,Munich,yes,EDDM,MUC
2219,EDDN,large_airport,Nuremberg Airport,49.498699,11.078056,1046,EU,DE,DE-BY,Nuremberg,yes,EDDN,NUE
2220,EDDP,large_airport,Leipzig/Halle Airport,51.423889,12.236389,465,EU,DE,DE-SN,Leipzig,yes,EDDP,LEJ
2222,EDDS,large_airport,Stuttgart Airport,48.68989944,9.221960068,1276,EU,DE,DE-BW,Stuttgart,yes,EDDS,STR
2224,EDDV,large_airport,Hannover Airport,52.46110153,9.685079575,183,EU,DE,DE-NI,Hannover,yes,EDDV,HAJ
2301,EETN,large_airport,Lennart Meri Tallinn Airport,59.41329956,24.83279991,131,EU,EE,EE-37,Tallinn,yes,EETN,TLL
2307,EFHK,large_airport,Helsinki Vantaa Airport,60.3172,24.963301,179,EU,FI,FI-18,Helsinki,yes,EFHK,HEL
2385,EGAA,large_airport,Belfast International Airport,54.65750122,-6.215829849,268,EU,GB,GB-NIR,Belfast,yes,EGAA,BFS
2389,EGBB,large_airport,Birmingham International Airport,52.45389938,-1.748029947,327,EU,GB,GB-ENG,Birmingham,yes,EGBB,BHX
2398,EGCC,large_airport,Manchester Airport,53.349375,-2.279521,257,EU,GB,GB-ENG,Manchester,yes,EGCC,MAN
2419,EGGW,large_airport,London Luton Airport,51.87469864,-0.368333012,526,EU,GB,GB-ENG,London,yes,EGGW,LTN
2429,EGKK,large_airport,London Gatwick Airport,51.148102,-0.190278,202,EU,GB,GB-ENG,London,yes,EGKK,LGW
2434,EGLL,large_airport,London Heathrow Airport,51.4706,-0.461941,83,EU,GB,GB-ENG,London,yes,EGLL,LHR
2461,EGPF,large_airport,Glasgow International Airport,55.871899,-4.43306,26,EU,GB,GB-SCT,"Paisley, Renfrewshire",yes,EGPF,GLA
2462,EGPH,large_airport,Edinburgh Airport,55.950145,-3.372288,135,EU,GB,GB-SCT,Edinburgh,yes,EGPH,EDI
2476,EGSS,large_airport,London Stansted Airport,51.88499832,0.234999999,348,EU,GB,GB-ENG,London,yes,EGSS,STN
2513,EHAM,large_airport,Amsterdam Airport Schiphol,52.308601,4.76389,-11,EU,NL,NL-NH,Amsterdam,yes,EHAM,AMS
2518,EHEH,large_airport,Eindhoven Airport,51.45009995,5.374529839,74,EU,NL,NL-NB,Eindhoven,yes,EHEH,EIN
2533,EIDW,large_airport,Dublin Airport,53.421299,-6.27007,242,EU,IE,IE-D,Dublin,yes,EIDW,DUB
2537,EINN,large_airport,Shannon Airport,52.702,-8.92482,46,EU,IE,IE-CE,Shannon,yes,EINN,SNN
2541,EKBI,large_airport,Billund Airport,55.74029922,9.151780128,247,EU,DK,DK-83,Billund,yes,EKBI,BLL
2542,EKCH,large_airport,Copenhagen Kastrup Airport,55.61790085,12.65600014,17,EU,DK,DK-84,Copenhagen,yes,EKCH,CPH
2563,ELLX,large_airport,Luxembourg-Findel International Airport,49.6233333,6.2044444,1234,EU,LU,LU-L,Luxembourg,yes,ELLX,LUX
2570,ENBR,large_airport,"Bergen Airport, Flesland",60.2934,5.21814,170,EU,NO,NO-46,Bergen,yes,ENBR,BGO
2578,ENGM,large_airport,"Oslo Airport, Gardermoen",60.193901,11.1004,681,EU,NO,NO-30,Oslo,yes,ENGM,OSL
2599,ENTC,large_airport,"Tromsø Airport, Langnes",69.683296,18.9189,31,EU,NO,NO-54,Tromsø,yes,ENTC,TOS
2601,ENVA,large_airport,"Trondheim Airport, Værnes",63.457802,10.924,56,EU,NO,NO-50,Trondheim,yes,ENVA,TRD
2602,ENZV,large_airport,"Stavanger Airport, Sola",58.876701,5.63778,29,EU,NO,NO-11,Stavanger,yes,ENZV,SVG
2608,EPGD,large_airport,Gdańsk Lech Wałęsa Airport,54.37760162,18.46619987,489,EU,PL,PL-PM,Gdańsk,yes,EPGD,GDN
2609,EPKK,large_airport,Kraków John Paul II International Airport,50.077702,19.7848,791,EU,PL,PL-MA,Kraków,yes,EPKK,KRK
2637,EPWA,large_airport,Warsaw Chopin Airport,52.16569901,20.96710014,362,EU,PL,PL-MZ,Warsaw,yes,EPWA,WAW
2648,ESGG,large_airport,Gothenburg-Landvetter Airport,57.66279984,12.27980042,506,EU,SE,SE-Q,Gothenburg,yes,ESGG,GOT
2701,ESSA,large_airport,Stockholm-Arlanda Airport,59.65190125,17.91860008,137,EU,SE,SE-AB,Stockholm,yes,ESSA,ARN
2758,EVRA,large_airport,Riga International Airport,56.923599,23.9711,36,EU,LV,LV-062,Riga,yes,EVRA,RIX
2766,EYVI,large_airport,Vilnius International Airport,54.634102,25.285801,648,EU,LT,LT-VL,Vilnius,yes,EYVI,VNO
2775,FACT,large_airport,Cape Town International Airport,-33.96480179,18.60169983,151,AF,ZA,ZA-WC,Cape Town,yes,FACT,CPT
300795,FALE,large_airport,King Shaka International Airport,-29.61444444,31.11972222,295,AF,ZA,ZA-NL,Durban,yes,FALE,DUR
31055,FAOR,large_airport,OR Tambo International Airport,-26.1392,28.246,5558,AF,ZA,ZA-GT,Johannesburg,yes,FAOR,JNB
2864,FBSK,large_airport,Sir Seretse Khama International Airport,-24.555201,25.9182,3299,AF,BW,BW-GA,Gaborone,yes,FBSK,GBE
308033,FDSK,large_airport,King Mswati III International Airport,-26.358611,31.716944,1092,AF,SZ,SZ-LU,Mpaka,yes,FDSK,SHO
2878,FIMP,large_airport,Sir Seewoosagur Ramgoolam International Airport,-20.430201,57.683601,186,AF,MU,MU-GP,Plaine Magnein,yes,FIMP,MRU
2894,FLLS,large_airport,Kenneth Kaunda International Airport,-15.330833,28.452722,3779,AF,ZM,ZM-09,Lusaka,yes,FLKK,LUN
2908,FMMI,large_airport,Ivato Airport,-18.7969,47.478802,4198,AF,MG,MG-T,Antananarivo,yes,FMMI,TNR
2942,FNLU,large_airport,Quatro de Fevereiro International Airport,-8.85837,13.2312,243,AF,AO,AO-LUA,Luanda,yes,FNLU,LAD
2975,FQMA,large_airport,Maputo Airport,-25.920799,32.572601,145,AF,MZ,MZ-MPM,Maputo,yes,FQMA,MPM
2993,FSIA,large_airport,Seychelles International Airport,-4.67434,55.521801,10,AF,SC,SC-20,Mahe Island,yes,FSIA,SEZ
2998,FTTJ,large_airport,N'Djamena International Airport,12.1337,15.034,968,AF,TD,TD-CB,N'Djamena,yes,FTTJ,NDJ
3005,FVHA,large_airport,Robert Gabriel Mugabe International Airport,-17.931801,31.0928,4887,AF,ZW,ZW-HA,Harare,yes,FVRG,HRE
3039,FYWH,large_airport,Hosea Kutako International Airport,-22.4799,17.4709,5640,AF,NA,NA-KH,Windhoek,yes,FYWH,WDH
3040,FZAA,large_airport,Ndjili International Airport,-4.38575,15.4446,1027,AF,CD,CD-KN,Kinshasa,yes,FZAA,FIH
3066,GABS,large_airport,Modibo Keita International Airport,12.5335,-7.94994,1247,AF,ML,ML-2,Bamako,yes,GABS,BKO
3076,GBYD,large_airport,Banjul International Airport,13.338,-16.652201,95,AF,GM,GM-W,Banjul,yes,GBYD,BJL
3077,GCFV,large_airport,Fuerteventura Airport,28.4527,-13.8638,85,EU,ES,ES-CN,Fuerteventura Island,yes,GCFV,FUE
3081,GCLP,large_airport,Gran Canaria Airport,27.9319,-15.3866,78,EU,ES,ES-CN,Gran Canaria Island,yes,GCLP,LPA
3082,GCRR,large_airport,César Manrique-Lanzarote Airport,28.945499,-13.6052,46,EU,ES,ES-CN,Lanzarote Island,yes,GCRR,ACE
3083,GCTS,large_airport,Tenerife Sur Airport,28.0445,-16.5725,209,EU,ES,ES-CN,Tenerife,yes,GCTS,TFS
3095,GFLL,large_airport,Lungi International Airport,8.61644,-13.1955,84,AF,SL,SL-N,Freetown (Lungi-Town),yes,GFLL,FNA
3099,GLRB,large_airport,Roberts International Airport,6.23379,-10.3623,31,AF,LR,LR-MG,Monrovia,yes,GLRB,ROB
3113,GMMN,large_airport,Mohammed V International Airport,33.36750031,-7.589970112,656,AF,MA,MA-CAS,Casablanca,yes,GMMN,CMN
325736,GOBD,large_airport,Blaise Diagne International Airport,14.67,-17.073333,290,AF,SN,SN-DK,Dakar,yes,GOBD,DSS
323315,GQNO,large_airport,Nouakchott–Oumtounsy International Airport,18.31,-15.9697222,9,AF,MR,MR-NKC,Nouakchott,yes,GQNO,NKC
3150,GVAC,large_airport,Amílcar Cabral International Airport,16.7414,-22.9494,177,AF,CV,CV-B,Espargos,yes,GVAC,SID
3157,HAAB,large_airport,Addis Ababa Bole International Airport,8.97789,38.799301,7630,AF,ET,ET-AA,Addis Ababa,yes,HAAB,ADD
3174,HDAM,large_airport,Djibouti-Ambouli Airport,11.5473,43.1595,49,AF,DJ,DJ-DJ,Djibouti City,yes,HDAM,JIB
3183,HECA,large_airport,Cairo International Airport,30.12190056,31.40559959,382,AF,EG,EG-C,Cairo,yes,HECA,CAI
3186,HEGN,large_airport,Hurghada International Airport,27.180325,33.807292,32,AF,EG,EG-BA,Hurghada,yes,HEGN,HRG
3198,HESH,large_airport,Sharm El Sheikh International Airport,27.977301,34.395,143,AS,EG,EG-JS,Sharm el-Sheikh,yes,HESH,SSH
3247,HJJJ,large_airport,Juba International Airport,4.87201,31.601101,1513,AF,SS,SS-17,Juba,yes,HJJJ,JUB
3206,HKJK,large_airport,Jomo Kenyatta International Airport,-1.319239974,36.92779922,5330,AF,KE,KE-110,Nairobi,yes,HKJK,NBO
3213,HKMO,large_airport,Moi International Airport,-4.03483,39.5942,200,AF,KE,KE-300,Mombasa,yes,HKMO,MBA
3227,HLLT,large_airport,Tripoli International Airport,32.663502,13.159,263,AF,LY,LY-TB,Tripoli,yes,HLLT,TIP
3237,HRYR,large_airport,Kigali International Airport,-1.96863,30.1395,4859,AF,RW,RW-01,Kigali,yes,HRYR,KGL
3249,HSSK,large_airport,Khartoum International Airport,15.5895,32.5532,1265,AF,SD,SD-03,Khartoum,yes,HSSK,KRT
3251,HTDA,large_airport,Julius Nyerere International Airport,-6.87811,39.202599,182,AF,TZ,TZ-02,Dar es Salaam,yes,HTDA,DAR
3260,HTZA,large_airport,Abeid Amani Karume International Airport,-6.22202,39.224899,54,AF,TZ,TZ-07,Zanzibar,yes,HTZA,ZNZ
3263,HUEN,large_airport,Entebbe International Airport,0.042386,32.443501,3782,AF,UG,UG-C,Kampala,yes,HUEN,EBB
3364,KADW,large_airport,Joint Base Andrews,38.810799,-76.866997,280,NA,US,US-MD,Camp Springs,no,KADW,ADW
3384,KATL,large_airport,Hartsfield Jackson Atlanta International Airport,33.6367,-84.428101,1026,NA,US,US-GA,Atlanta,yes,KATL,ATL
3386,KAUS,large_airport,Austin Bergstrom International Airport,30.197535,-97.662015,542,NA,US,US-TX,Austin,yes,KAUS,AUS
3420,KBNA,large_airport,Nashville International Airport,36.12450027,-86.67819977,599,NA,US,US-TN,Nashville,yes,KBNA,BNA
3422,KBOS,large_airport,Logan International Airport,42.3643,-71.005203,20,NA,US,US-MA,Boston,yes,KBOS,BOS
3431,KBUF,large_airport,Buffalo Niagara International Airport,42.94049835,-78.73220062,728,NA,US,US-NY,Buffalo,yes,KBUF,BUF
3435,KBWI,large_airport,Baltimore/Washington International Thurgood Marshall Airport,39.1754,-76.668297,146,NA,US,US-MD,Baltimore,yes,KBWI,BWI
3454,KCLE,large_airport,Cleveland Hopkins International Airport,41.4117012,-81.84980011,791,NA,US,US-OH,Cleveland,yes,KCLE,CLE
3457,KCLT,large_airport,Charlotte Douglas International Airport,35.2140007,-80.94309998,748,NA,US,US-NC,Charlotte,yes,KCLT,CLT
3458,KCMH,large_airport,John Glenn Columbus International Airport,39.998001,-82.891899,815,NA,US,US-OH,Columbus,yes,KCMH,CMH
3471,KCVG,large_airport,Cincinnati Northern Kentucky International Airport,39.048801,-84.667801,896,NA,US,US-KY,Cincinnati / Covington,yes,KCVG,CVG
3483,KDCA,large_airport,Ronald Reagan Washington National Airport,38.8521,-77.037697,15,NA,US,US-DC,Washington,yes,KDCA,DCA
3486,KDEN,large_airport,Denver International Airport,39.86169815,-104.6729965,5431,NA,US,US-CO,Denver,yes,KDEN,DEN
3488,KDFW,large_airport,Dallas Fort Worth International Airport,32.896801,-97.038002,607,NA,US,US-TX,Dallas-Fort Worth,yes,KDFW,DFW
3497,KDTW,large_airport,Detroit Metropolitan Wayne County Airport,42.21239853,-83.35340118,645,NA,US,US-MI,Detroit,yes,KDTW,DTW
3521,KEWR,large_airport,Newark Liberty International Airport,40.692501,-74.168701,18,NA,US,US-NJ,New York,yes,KEWR,EWR
3531,KFLL,large_airport,Fort Lauderdale Hollywood International Airport,26.072599,-80.152702,9,NA,US,US-FL,Fort Lauderdale,yes,KFLL,FLL
3602,KIAD,large_airport,Washington Dulles International Airport,38.9445,-77.455803,312,NA,US,US-VA,"Washington, DC",yes,KIAD,IAD
3604,KIAH,large_airport,George Bush Intercontinental Houston Airport,29.9843998,-95.34140015,97,NA,US,US-TX,Houston,yes,KIAH,IAH
3610,KIND,large_airport,Indianapolis International Airport,39.7173,-86.294403,797,NA,US,US-IN,Indianapolis,yes,KIND,IND
3620,KJAX,large_airport,Jacksonville International Airport,30.49410057,-81.68789673,30,NA,US,US-FL,Jacksonville,yes,KJAX,JAX
3622,KJFK,large_airport,John F Kennedy International Airport,40.639801,-73.7789,13,NA,US,US-NY,New York,yes,KJFK,JFK
3631,KLAS,large_airport,McCarran International Airport,36.08010101,-115.1520004,2181,NA,US,US-NV,Las Vegas,yes,KLAS,LAS
3632,KLAX,large_airport,Los Angeles International Airport,33.942501,-118.407997,125,NA,US,US-CA,Los Angeles,yes,KLAX,LAX
3643,KLGA,large_airport,La Guardia Airport,40.777199,-73.872597,21,NA,US,US-NY,New York,yes,KLGA,LGA
3668,KMCI,large_airport,Kansas City International Airport,39.2976,-94.713898,1026,NA,US,US-MO,Kansas City,yes,KMCI,MCI
3670,KMCO,large_airport,Orlando International Airport,28.42939949,-81.30899811,96,NA,US,US-FL,Orlando,yes,KMCO,MCO
3673,KMDW,large_airport,Chicago Midway International Airport,41.785999,-87.752403,620,NA,US,US-IL,Chicago,yes,KMDW,MDW
3675,KMEM,large_airport,Memphis International Airport,35.04240036,-89.97669983,341,NA,US,US-TN,Memphis,yes,KMEM,MEM
3685,KMIA,large_airport,Miami International Airport,25.79319954,-80.29060364,8,NA,US,US-FL,Miami,yes,KMIA,MIA
3690,KMKE,large_airport,General Mitchell International Airport,42.94720078,-87.89659882,723,NA,US,US-WI,Milwaukee,yes,KMKE,MKE
3709,KMSP,large_airport,Minneapolis–Saint Paul International Airport / Wold–Chamberlain Field,44.882,-93.221802,841,NA,US,US-MN,Minneapolis,yes,KMSP,MSP
3711,KMSY,large_airport,Louis Armstrong New Orleans International Airport,29.99340057,-90.25800323,4,NA,US,US-LA,New Orleans,yes,KMSY,MSY
3744,KOAK,large_airport,Metropolitan Oakland International Airport,37.721298,-122.221001,9,NA,US,US-CA,Oakland,yes,KOAK,OAK
3752,KONT,large_airport,Ontario International Airport,34.05599976,-117.6009979,944,NA,US,US-CA,Ontario,yes,KONT,ONT
3754,KORD,large_airport,Chicago O'Hare International Airport,41.9786,-87.9048,672,NA,US,US-IL,Chicago,yes,KORD,ORD
3766,KPBI,large_airport,Palm Beach International Airport,26.68320084,-80.09559631,19,NA,US,US-FL,West Palm Beach,yes,KPBI,PBI
3768,KPDX,large_airport,Portland International Airport,45.58869934,-122.5979996,31,NA,US,US-OR,Portland,yes,KPDX,PDX
3771,KPHL,large_airport,Philadelphia International Airport,39.87189865,-75.2410965,36,NA,US,US-PA,Philadelphia,yes,KPHL,PHL
3772,KPHX,large_airport,Phoenix Sky Harbor International Airport,33.435302,-112.005905,1135,NA,US,US-AZ,Phoenix,yes,KPHX,PHX
3778,KPIT,large_airport,Pittsburgh International Airport,40.49150085,-80.23290253,1203,NA,US,US-PA,Pittsburgh,yes,KPIT,PIT
3795,KPVD,large_airport,Theodore Francis Green State Airport,41.725038,-71.425668,55,NA,US,US-RI,Providence,yes,KPVD,PVD
3796,KPWM,large_airport,Portland International Jetport,43.646198,-70.309303,76,NA,US,US-ME,Portland,yes,KPWM,PWM
3844,KRDU,large_airport,Raleigh Durham International Airport,35.87760162,-78.78749847,435,NA,US,US-NC,Raleigh/Durham,yes,KRDU,RDU
3847,KRIC,large_airport,Richmond International Airport,37.50519943,-77.31970215,167,NA,US,US-VA,Richmond,yes,KRIC,RIC
3853,KRNO,large_airport,Reno Tahoe International Airport,39.49909973,-119.7679977,4415,NA,US,US-NV,Reno,yes,KRNO,RNO
3858,KRSW,large_airport,Southwest Florida International Airport,26.53619957,-81.75520325,30,NA,US,US-FL,Fort Myers,yes,KRSW,RSW
3862,KSAN,large_airport,San Diego International Airport,32.73360062,-117.1900024,17,NA,US,US-CA,San Diego,yes,KSAN,SAN
3863,KSAT,large_airport,San Antonio International Airport,29.533701,-98.469803,809,NA,US,US-TX,San Antonio,yes,KSAT,SAT
3864,KSAV,large_airport,Savannah Hilton Head International Airport,32.12760162,-81.20210266,50,NA,US,US-GA,Savannah,yes,KSAV,SAV
3873,KSDF,large_airport,Louisville Muhammad Ali International Airport,38.1744,-85.736,501,NA,US,US-KY,Louisville,yes,KSDF,SDF
3875,KSEA,large_airport,Seattle Tacoma International Airport,47.449001,-122.308998,433,NA,US,US-WA,Seattle,yes,KSEA,SEA
3876,KSFB,large_airport,Orlando Sanford International Airport,28.77759933,-81.23750305,55,NA,US,US-FL,Orlando,yes,KSFB,SFB
3878,KSFO,large_airport,San Francisco International Airport,37.61899948,-122.375,13,NA,US,US-CA,San Francisco,yes,KSFO,SFO
3883,KSJC,large_airport,Norman Y. Mineta San Jose International Airport,37.362598,-121.929001,62,NA,US,US-CA,San Jose,yes,KSJC,SJC
3887,KSLC,large_airport,Salt Lake City International Airport,40.785749,-111.979746,4227,NA,US,US-UT,Salt Lake City,yes,KSLC,SLC
3892,KSMF,large_airport,Sacramento International Airport,38.69540024,-121.5910034,27,NA,US,US-CA,Sacramento,yes,KSMF,SMF
3905,KSTL,large_airport,St Louis Lambert International Airport,38.748697,-90.370003,618,NA,US,US-MO,St Louis,yes,KSTL,STL
3913,KSYR,large_airport,Syracuse Hancock International Airport,43.11119843,-76.10630035,421,NA,US,US-NY,Syracuse,yes,KSYR,SYR
3926,KTPA,large_airport,Tampa International Airport,27.97550011,-82.53320313,26,NA,US,US-FL,Tampa,yes,KTPA,TPA
3930,KTUL,large_airport,Tulsa International Airport,36.19839859,-95.88809967,677,NA,US,US-OK,Tulsa,yes,KTUL,TUL
3972,LATI,large_airport,Tirana International Airport Mother Teresa,41.41469955,19.72060013,126,EU,AL,AL-11,Tirana,yes,LATI,TIA
3974,LBBG,large_airport,Burgas Airport,42.56959915,27.51519966,135,EU,BG,BG-02,Burgas,yes,LBBG,BOJ
3977,LBSF,large_airport,Sofia Airport,42.69669342,23.41143608,1742,EU,BG,BG-23,Sofia,yes,LBSF,SOF
3979,LBWN,large_airport,Varna Airport,43.232101,27.8251,230,EU,BG,BG-03,Varna,yes,LBWN,VAR
3980,LCLK,large_airport,Larnaca International Airport,34.875099,33.624901,8,AS,CY,CY-04,Larnaca,yes,LCLK,LCA
3993,LDZA,large_airport,Zagreb Airport,45.74290085,16.06879997,353,EU,HR,HR-21,Zagreb,yes,LDZA,ZAG
3997,LEAL,large_airport,Alicante-Elche Miguel Hernández Airport,38.2822,-0.558156,142,EU,ES,ES-V,Alicante,yes,LEAL,ALC
4004,LEBL,large_airport,Josep Tarradellas Barcelona-El Prat Airport,41.2971,2.07846,12,EU,ES,ES-CT,Barcelona,yes,LEBL,BCN
4013,LEIB,large_airport,Ibiza Airport,38.872898,1.37312,24,EU,ES,ES-PM,Ibiza,yes,LEIB,IBZ
4019,LEMD,large_airport,Adolfo Suárez Madrid–Barajas Airport,40.471926,-3.56264,1998,EU,ES,ES-M,Madrid,yes,LEMD,MAD
4020,LEMG,large_airport,Málaga-Costa del Sol Airport,36.6749,-4.49911,53,EU,ES,ES-AN,Málaga,yes,LEMG,AGP
4035,LEPA,large_airport,Palma de Mallorca Airport,39.551701,2.73881,27,EU,ES,ES-PM,Palma De Mallorca,yes,LEPA,PMI
4038,LEST,large_airport,Santiago-Rosalía de Castro Airport,42.896301,-8.41514,1213,EU,ES,ES-GA,Santiago de Compostela,yes,LEST,SCQ
4060,LFBD,large_airport,Bordeaux-Mérignac Airport,44.8283,-0.715556,162,EU,FR,FR-NAQ,Bordeaux/Mérignac,yes,LFBD,BOD
4070,LFBO,large_airport,Toulouse-Blagnac Airport,43.629101,1.36382,499,EU,FR,FR-OCC,Toulouse/Blagnac,yes,LFBO,TLS
4137,LFLL,large_airport,Lyon Saint-Exupéry Airport,45.725556,5.081111,821,EU,FR,FR-ARA,Lyon,yes,LFLL,LYS
4155,LFML,large_airport,Marseille Provence Airport,43.43927192,5.221424103,74,EU,FR,FR-PAC,Marseille,yes,LFML,MRS
4156,LFMN,large_airport,Nice-Côte d'Azur Airport,43.65840149,7.215869904,12,EU,FR,FR-PAC,Nice,yes,LFMN,NCE
4185,LFPG,large_airport,Charles de Gaulle International Airport,49.012798,2.55,392,EU,FR,FR-IDF,Paris,yes,LFPG,CDG
4189,LFPO,large_airport,Paris-Orly Airport,48.7233333,2.3794444,291,EU,FR,FR-IDF,Paris,yes,LFPO,ORY
4226,LFSB,large_airport,EuroAirport Basel-Mulhouse-Freiburg Airport,47.59,7.529167,885,EU,FR,FR-GES,Bâle/Mulhouse,yes,LFSB,BSL
4251,LGAV,large_airport,Athens Eleftherios Venizelos International Airport,37.936401,23.9445,308,EU,GR,GR-I,Athens,yes,LGAV,ATH
4258,LGIR,large_airport,Heraklion International Nikos Kazantzakis Airport,35.33969879,25.18029976,115,EU,GR,GR-91,Heraklion,yes,LGIR,HER
4293,LGTS,large_airport,Thessaloniki Macedonia International Airport,40.5196991,22.97089958,22,EU,GR,GR-54,Thessaloniki,yes,LGTS,SKG
4296,LHBP,large_airport,Budapest Liszt Ferenc International Airport,47.42976,19.261093,495,EU,HU,HU-PE,Budapest,yes,LHBP,BUD
4310,LIBD,large_airport,Bari Karol Wojtyła Airport,41.138901,16.760599,177,EU,IT,IT-75,Bari,yes,LIBD,BRI
4315,LIBR,large_airport,Brindisi Airport,40.6576,17.947001,47,EU,IT,IT-75,Brindisi,yes,LIBR,BDS
4318,LICC,large_airport,Catania-Fontanarossa Airport,37.466801,15.0664,39,EU,IT,IT-82,Catania,yes,LICC,CTA
4321,LICJ,large_airport,Falcone–Borsellino Airport,38.175999,13.091,65,EU,IT,IT-82,Palermo,yes,LICJ,PMO
4332,LIEE,large_airport,Cagliari Elmas Airport,39.251499,9.05428,13,EU,IT,IT-88,Cagliari,yes,LIEE,CAG
4340,LIMC,large_airport,Malpensa International Airport,45.6306,8.72811,768,EU,IT,IT-25,Milan,yes,LIMC,MXP
4341,LIME,large_airport,Milan Bergamo Airport,45.673901,9.70417,782,EU,IT,IT-25,Milan,yes,LIME,BGY
4342,LIMF,large_airport,Turin Airport,45.200802,7.64963,989,EU,IT,IT-21,Torino,yes,LIMF,TRN
4354,LIPE,large_airport,Bologna Guglielmo Marconi Airport,44.5354,11.2887,123,EU,IT,IT-45,Bologna,yes,LIPE,BLQ
4366,LIPX,large_airport,Verona-Villafranca Valerio Catullo Airport,45.394955,10.887303,239,EU,IT,IT-34,Villafranca di Verona,yes,LIPX,VRN
4368,LIPZ,large_airport,Venice Marco Polo Airport,45.505299,12.3519,7,EU,IT,IT-34,Venice,yes,LIPZ,VCE
4372,LIRF,large_airport,Rome–Fiumicino Leonardo da Vinci International Airport,41.804532,12.251998,13,EU,IT,IT-62,Rome,yes,LIRF,FCO
4378,LIRN,large_airport,Naples International Airport,40.886002,14.2908,294,EU,IT,IT-72,Nápoli,yes,LIRN,NAP
4379,LIRP,large_airport,Pisa International Airport,43.683899,10.3927,6,EU,IT,IT-52,Pisa,yes,LIRP,PSA
4386,LJLJ,large_airport,Ljubljana Jože Pučnik Airport,46.223701,14.4576,1273,EU,SI,SI-061,Ljubljana,yes,LJLJ,LJU
4408,LKPR,large_airport,Václav Havel Airport Prague,50.1008,14.26,1247,EU,CZ,CZ-PR,Prague,yes,LKPR,PRG
4411,LLBG,large_airport,Ben Gurion International Airport,32.01139832,34.88669968,135,AS,IL,IL-M,Tel Aviv,yes,LLBG,TLV
330388,LLER,large_airport,Ramon International Airport,29.727009,35.014116,288,AS,IL,IL-D,Eilat,yes,LLER,ETM
4427,LMML,large_airport,Malta International Airport,35.857498,14.4775,300,EU,MT,MT-25,Valletta,yes,LMML,MLA
4434,LOWW,large_airport,Vienna International Airport,48.110298,16.5697,600,EU,AT,AT-9,Vienna,yes,LOWW,VIE
4448,LPFR,large_airport,Faro Airport,37.01440048,-7.965909958,24,EU,PT,PT-08,Faro,yes,LPFR,FAO
4456,LPPD,large_airport,João Paulo II Airport,37.74119949,-25.69790077,259,EU,PT,PT-20,Ponta Delgada,yes,LPPD,PDL
4459,LPPR,large_airport,Francisco de Sá Carneiro Airport,41.24810028,-8.681389809,228,EU,PT,PT-13,Porto,yes,LPPR,OPO
4461,LPPT,large_airport,Humberto Delgado Airport (Lisbon Portela Airport),38.7813,-9.13592,374,EU,PT,PT-11,Lisbon,yes,LPPT,LIS
4482,LROP,large_airport,Henri Coandă International Airport,44.571111,26.085,314,EU,RO,RO-IF,Bucharest,yes,LROP,OTP
4490,LSGG,large_airport,Geneva Cointrin International Airport,46.23809814,6.108950138,1411,EU,CH,CH-GE,Geneva,yes,LSGG,GVA
4505,LSZH,large_airport,Zürich Airport,47.458056,8.548056,1417,EU,CH,CH-ZH,Zurich,yes,LSZH,ZRH
4509,LTAC,large_airport,Esenboğa International Airport,40.12810135,32.99509811,3125,AS,TR,TR-06,Ankara,yes,LTAC,ESB
4515,LTAI,large_airport,Antalya International Airport,36.898701,30.800501,177,AS,TR,TR-07,Antalya,yes,LTAI,AYT
4528,LTBA,large_airport,İstanbul Atatürk Airport,40.971913,28.823714,163,EU,TR,TR-34,"Bakırköy, Istanbul",yes,LTBA,ISL
4533,LTBJ,large_airport,Adnan Menderes International Airport,38.2924,27.157,412,AS,TR,TR-35,İzmir,yes,LTBJ,ADB
4542,LTBS,large_airport,Dalaman International Airport,36.71310043,28.79249954,20,AS,TR,TR-48,Dalaman,yes,LTBS,DLM
4567,LTFE,large_airport,Milas Bodrum International Airport,37.25059891,27.66430092,21,AS,TR,TR-48,Bodrum,yes,LTFE,BJV
4569,LTFJ,large_airport,Istanbul Sabiha Gökçen International Airport,40.898602,29.3092,312,AS,TR,TR-34,"Pendik, Istanbul",yes,LTFJ,SAW
317457,LTFM,large_airport,İstanbul Airport,41.261297,28.741951,325,EU,TR,TR-34,"Arnavutköy, Istanbul",yes,LTFM,IST
4573,LWSK,large_airport,Skopje International Airport,41.961601,21.621401,781,EU,MK,MK-004,Skopje,yes,LWSK,SKP
4610,LYBE,large_airport,Belgrade Nikola Tesla Airport,44.81840134,20.3090992,335,EU,RS,RS-00,Belgrade,yes,LYBE,BEG
4613,LYPG,large_airport,Podgorica Airport / Podgorica Golubovci Airbase,42.359402,19.2519,141,EU,ME,ME-16,Podgorica,yes,LYPG,TGD
4617,LZIB,large_airport,M. R. Štefánik Airport,48.17020035,17.21269989,436,EU,SK,SK-BL,Bratislava,yes,LZIB,BTS
4628,MBPV,large_airport,Providenciales International Airport,21.773697,-72.268321,15,NA,TC,TC-PR,Providenciales,yes,MBPV,PLS
4636,MDPC,large_airport,Punta Cana International Airport,18.56739998,-68.36340332,47,NA,DO,DO-11,Punta Cana,yes,MDPC,PUJ
4638,MDSD,large_airport,Las Américas International Airport,18.42970085,-69.66889954,59,NA,DO,DO-01,Santo Domingo,yes,MDSD,SDQ
4644,MGGT,large_airport,La Aurora Airport,14.5833,-90.527496,4952,NA,GT,GT-GU,Guatemala City,yes,MGGT,GUA
4680,MKJP,large_airport,Norman Manley International Airport,17.93569946,-76.78749847,10,NA,JM,JM-01,Kingston,yes,MKJP,KIN
4688,MMAA,large_airport,General Juan N Alvarez International Airport,16.757099,-99.753998,16,NA,MX,MX-GRO,Acapulco,yes,MMAA,ACA
4710,MMGL,large_airport,Don Miguel Hidalgo Y Costilla International Airport,20.52179909,-103.310997,5016,NA,MX,MX-JAL,Guadalajara,yes,MMGL,GDL
4713,MMHO,large_airport,General Ignacio P. Garcia International Airport,29.09589958,-111.0479965,627,NA,MX,MX-SON,Hermosillo,yes,MMHO,HMO
4731,MMMX,large_airport,Licenciado Benito Juarez International Airport,19.4363,-99.072098,7316,NA,MX,MX-DIF,Mexico City,yes,MMMX,MEX
4733,MMMZ,large_airport,General Rafael Buelna International Airport,23.1614,-106.265999,38,NA,MX,MX-SIN,Mazatlán,yes,MMMZ,MZT
4745,MMPR,large_airport,President Gustavo Díaz Ordaz International Airport,20.680099,-105.253998,23,NA,MX,MX-JAL,Puerto Vallarta,yes,MMPR,PVR
4750,MMSD,large_airport,Los Cabos International Airport,23.1518,-109.721001,374,NA,MX,MX-BCS,San José del Cabo,yes,MMSD,SJD
31923,MMSM,large_airport,Santa Lucía Air Force Base / General Felipe Ángeles International Airport,19.7458,-99.0145,7369,NA,MX,MX-MEX,Mexico City (Santa Lucía),no,MMSM,NLU
4757,MMTJ,large_airport,General Abelardo L. Rodríguez International Airport,32.54109955,-116.9700012,489,NA,MX,MX-BCN,Tijuana,yes,MMTJ,TIJ
4762,MMUN,large_airport,Cancún International Airport,21.03650093,-86.87709808,22,NA,MX,MX-ROO,Cancún,yes,MMUN,CUN
4793,MPTO,large_airport,Tocumen International Airport,9.071359634,-79.38349915,135,NA,PA,PA-8,Tocumen,yes,MPTO,PTY
4806,MRLB,large_airport,Guanacaste Airport,10.5933,-85.544403,270,NA,CR,CR-G,Liberia,yes,MRLB,LIR
4820,MSLP,large_airport,Monseñor Óscar Arnulfo Romero International Airport,13.4409,-89.055702,101,NA,SV,SV-PA,San Salvador (San Luis Talpa),yes,MSLP,SAL
4825,MTPP,large_airport,Toussaint Louverture International Airport,18.58,-72.292503,122,NA,HT,HT-OU,Port-au-Prince,yes,MTPP,PAP
4839,MUHA,large_airport,José Martí International Airport,22.98920059,-82.40910339,210,NA,CU,CU-03,Havana,yes,MUHA,HAV
4859,MUVR,large_airport,Juan Gualberto Gomez International Airport,23.03440094,-81.43530273,210,NA,CU,CU-04,Varadero,yes,MUVR,VRA
4951,MYNN,large_airport,Lynden Pindling International Airport,25.039,-77.466202,16,NA,BS,BS-NP,Nassau,yes,MYNN,NAS
4956,MZBZ,large_airport,Philip S. W. Goldson International Airport,17.53910065,-88.30819702,15,NA,BZ,BZ-BZ,Belize City,yes,MZBZ,BZE
5011,NVVV,large_airport,Bauerfield International Airport,-17.699301,168.320007,70,OC,VU,VU-SEE,Port Vila,yes,NVVV,VLI
5023,NZAA,large_airport,Auckland International Airport,-37.01199,174.786331,23,OC,NZ,NZ-AUK,Auckland,yes,NZAA,AKL
5026,NZCH,large_airport,Christchurch International Airport,-43.48939896,172.5319977,123,OC,NZ,NZ-CAN,Christchurch,yes,NZCH,CHC
5063,NZWN,large_airport,Wellington International Airport,-41.32720184,174.8049927,41,OC,NZ,NZ-WGN,Wellington,yes,NZWN,WLG
5079,OBBI,large_airport,Bahrain International Airport,26.267295,50.63764,6,AS,BH,BH-15,Manama,yes,OBBI,BAH
5087,OEDF,large_airport,King Fahd International Airport,26.47120094,49.79790115,72,AS,SA,SA-04,Ad Dammam,yes,OEDF,DMM
5089,OEDR,large_airport,King Abdulaziz Air Base,26.2654,50.152,84,AS,SA,SA-04,Dhahran,no,OEDR,DHA
5097,OEJN,large_airport,King Abdulaziz International Airport,21.6796,39.156502,48,AS,SA,SA-02,Jeddah,yes,OEJN,JED
5101,OEMA,large_airport,Prince Mohammad Bin Abdulaziz Airport,24.5534,39.705101,2151,AS,SA,SA-03,Medina,yes,OEMA,MED
5112,OERK,large_airport,King Khaled International Airport,24.95759964,46.69879913,2049,AS,SA,SA-01,Riyadh,yes,OERK,RUH
5166,OIIE,large_airport,Imam Khomeini International Airport,35.41609955,51.15219879,3305,AS,IR,IR-23,Tehran,yes,OIIE,IKA
5168,OIII,large_airport,Mehrabad International Airport,35.68920135,51.31340027,3962,AS,IR,IR-23,Tehran,yes,OIII,THR
5183,OIMM,large_airport,Mashhad International Airport,36.23519897,59.64099884,3263,AS,IR,IR-09,Mashhad,yes,OIMM,MHD
5197,OISS,large_airport,Shiraz Shahid Dastghaib International Airport,29.5392,52.589802,4927,AS,IR,IR-07,Shiraz,yes,OISS,SYZ
5212,OJAI,large_airport,Queen Alia International Airport,31.72260094,35.99319839,2395,AS,JO,JO-AM,Amman,yes,OJAI,AMM
5220,OKBK,large_airport,Kuwait International Airport,29.22660065,47.96889877,206,AS,KW,KW-FA,Kuwait City,yes,OKBK,KWI
5222,OLBA,large_airport,Beirut Rafic Hariri International Airport,33.82089996,35.48839951,87,AS,LB,LB-JL,Beirut,yes,OLBA,BEY
299738,OM-0003,large_airport,Duqm International Airport,19.501944,57.634167,364,AS,OM,OM-WU,Duqm,yes,OODQ,DQM
5226,OMAA,large_airport,Abu Dhabi International Airport,24.443764,54.651718,88,AS,AE,AE-AZ,Abu Dhabi,yes,OMAA,AUH
5235,OMDB,large_airport,Dubai International Airport,25.25279999,55.36439896,62,AS,AE,AE-DU,Dubai,yes,OMDB,DXB
300320,OMDW,large_airport,Al Maktoum International Airport,24.896356,55.161389,114,AS,AE,AE-DU,Jebel Ali,yes,OMDW,DWC
5239,OMSJ,large_airport,Sharjah International Airport,25.32859993,55.51720047,111,AS,AE,AE-SH,Sharjah,yes,OMSJ,SHJ
5242,OOMS,large_airport,Muscat International Airport,23.59329987,58.28440094,48,AS,OM,OM-MA,Muscat,yes,OOMS,MCT
333692,OPIS,large_airport,Islamabad International Airport,33.549,72.82566,1761,AS,PK,PK-PB,Islamabad,yes,OPIS,ISB
5255,OPKC,large_airport,Jinnah International Airport,24.9065,67.160797,100,AS,PK,PK-SD,Karachi,yes,OPKC,KHI
5257,OPLA,large_airport,Allama Iqbal International Airport,31.521601,74.403603,712,AS,PK,PK-PB,Lahore,yes,OPLA,LHE
5289,ORBI,large_airport,Baghdad International Airport / New Al Muthana Air Base,33.262501,44.2346,114,AS,IQ,IQ-BG,Baghdad,yes,ORBI,BGW
5303,OSDI,large_airport,Damascus International Airport,33.41149902,36.5155983,2020,AS,SY,SY-DI,Damascus,yes,OSDI,DAM
44686,OTHH,large_airport,Hamad International Airport,25.273056,51.608056,13,AS,QA,QA-DA,Doha,yes,OTHH,DOH
5360,PAFA,large_airport,Fairbanks International Airport,64.81510162,-147.8560028,439,NA,US,US-AK,Fairbanks,yes,PAFA,FAI
5388,PANC,large_airport,Ted Stevens Anchorage International Airport,61.1744,-149.996002,152,NA,US,US-AK,Anchorage,yes,PANC,ANC
5453,PHNL,large_airport,Daniel K Inouye International Airport,21.32062,-157.924228,13,OC,US,US-HI,Honolulu,yes,PHNL,HNL
5516,RCKH,large_airport,Kaohsiung International Airport,22.577101,120.349998,31,AS,TW,TW-KHH,Kaohsiung (Xiaogang),yes,RCKH,KHH
5528,RCTP,large_airport,Taiwan Taoyuan International Airport,25.0777,121.233002,106,AS,TW,TW-TAO,Taipei,yes,RCTP,TPE
5531,RJAA,large_airport,Narita International Airport,35.764702,140.386002,141,AS,JP,JP-12,Tokyo,yes,RJAA,NRT
5536,RJBB,large_airport,Kansai International Airport,34.427299,135.244003,26,AS,JP,JP-27,Osaka,yes,RJBB,KIX
5544,RJCC,large_airport,New Chitose Airport,42.7752,141.692001,82,AS,JP,JP-01,Sapporo,yes,RJCC,CTS
5564,RJFF,large_airport,Fukuoka Airport,33.58589935,130.451004,32,AS,JP,JP-40,Fukuoka,yes,RJFF,FUK
5566,RJFK,large_airport,Kagoshima Airport,31.80340004,130.7189941,906,AS,JP,JP-46,Kagoshima,yes,RJFK,KOJ
5576,RJGG,large_airport,Chubu Centrair International Airport,34.85839844,136.8049927,15,AS,JP,JP-23,Tokoname,yes,RJGG,NGO
5598,RJOO,large_airport,Osaka International Airport,34.78549957,135.4380035,50,AS,JP,JP-27,Osaka,yes,RJOO,ITM
5615,RJSS,large_airport,Sendai Airport,38.139702,140.917007,15,AS,JP,JP-04,Natori,yes,RJSS,SDJ
5627,RJTT,large_airport,Tokyo Haneda International Airport,35.552299,139.779999,35,AS,JP,JP-13,Tokyo,yes,RJTT,HND
5629,RJTY,large_airport,Yokota Air Base,35.74850082,139.3480072,463,AS,JP,JP-13,Fussa,no,RJTY,OKO
302303,RKJB,large_airport,Muan International Airport,34.991406,126.382814,35,AS,KR,KR-46,Piseo-ri (Muan),yes,RKJB,MWX
5639,RKPC,large_airport,Jeju International Airport,33.51129913,126.4929962,118,AS,KR,KR-49,Jeju City,yes,RKPC,CJU
5642,RKPK,large_airport,Gimhae International Airport,35.179501,128.938004,6,AS,KR,KR-26,Busan,yes,RKPK,PUS
5653,RKSI,large_airport,Incheon International Airport,37.46910095,126.4509964,23,AS,KR,KR-28,Seoul,yes,RKSI,ICN
5656,RKSS,large_airport,Gimpo International Airport,37.5583,126.791,59,AS,KR,KR-11,Seoul,yes,RKSS,GMP
5671,ROAH,large_airport,Naha Airport / JASDF Naha Air Base,26.195801,127.646004,12,AS,JP,JP-47,Naha,yes,ROAH,OKA
5673,RODN,large_airport,Kadena Air Base,26.351667,127.769444,143,AS,JP,JP-47,,no,RODN,DNA
5689,RPLL,large_airport,Ninoy Aquino International Airport,14.5086,121.019997,75,AS,PH,PH-00,Manila,yes,RPLL,MNL
5697,RPMD,large_airport,Francisco Bangoy International Airport,7.12552,125.646004,96,AS,PH,PH-DAS,Davao,yes,RPMD,DVO
5742,RPVM,large_airport,Mactan Cebu International Airport,10.30749989,123.9789963,31,AS,PH,PH-CEB,Lapu-Lapu City,yes,RPVM,CEB
5771,SABE,large_airport,Jorge Newbery Airpark,-34.5592,-58.4156,18,SA,AR,AR-C,Buenos Aires,yes,SABE,AEP
5781,SAEZ,large_airport,Ministro Pistarini International Airport,-34.8222,-58.5358,67,SA,AR,AR-B,Buenos Aires (Ezeiza),yes,SAEZ,EZE
5867,SBBE,large_airport,Val de Cans/Júlio Cezar Ribeiro International Airport,-1.379279,-48.476207,54,SA,BR,BR-PA,Belém,yes,SBBE,BEL
5872,SBBR,large_airport,Presidente Juscelino Kubitschek International Airport,-15.869167,-47.920834,3497,SA,BR,BR-DF,Brasília,yes,SBBR,BSB
5882,SBCF,large_airport,Tancredo Neves International Airport,-19.63571,-43.966928,2721,SA,BR,BR-MG,Belo Horizonte,yes,SBCF,CNF
5897,SBEG,large_airport,Eduardo Gomes International Airport,-3.03861,-60.049702,264,SA,BR,BR-AM,Manaus,yes,SBEG,MAO
5901,SBFL,large_airport,Hercílio Luz International Airport,-27.670279,-48.552502,16,SA,BR,BR-SC,Florianópolis,yes,SBFL,FLN
5906,SBGL,large_airport,Rio Galeão – Tom Jobim International Airport,-22.809999,-43.250557,28,SA,BR,BR-RJ,Rio De Janeiro,yes,SBGL,GIG
5910,SBGR,large_airport,Guarulhos - Governador André Franco Montoro International Airport,-23.431944,-46.467778,2461,SA,BR,BR-SP,São Paulo,yes,SBGR,GRU
5977,SBSV,large_airport,Deputado Luiz Eduardo Magalhães International Airport,-12.908611,-38.322498,64,SA,BR,BR-BA,Salvador,yes,SBSV,SSA
6015,SCEL,large_airport,Comodoro Arturo Merino Benítez International Airport,-33.39300156,-70.78579712,1555,SA,CL,CL-RM,Santiago,yes,SCEL,SCL
6056,SEGU,large_airport,José Joaquín de Olmedo International Airport,-2.15742,-79.883598,19,SA,EC,EC-G,Guayaquil,yes,SEGU,GYE
308273,SEQM,large_airport,Mariscal Sucre International Airport,-0.129166667,-78.3575,7841,SA,EC,EC-P,Quito,yes,SEQM,UIO
6104,SKBO,large_airport,El Dorado International Airport,4.70159,-74.1469,8361,SA,CO,CO-CUN,Bogota,yes,SKBO,BOG
6193,SLVR,large_airport,Viru Viru International Airport,-17.6448,-63.135399,1224,SA,BO,BO-S,Santa Cruz,yes,SLVR,VVI
6195,SMJP,large_airport,Johan Adolf Pengel International Airport,5.45283,-55.187801,59,SA,SR,SR-PR,Zandery,yes,SMJP,PBM
6198,SOCA,large_airport,Cayenne – Félix Eboué Airport,4.819964,-52.361326,26,SA,GF,GF-CY,Matoury,yes,SOCA,CAY
6217,SPIM,large_airport,Jorge Chávez International Airport,-12.0219,-77.114305,113,SA,PE,PE-LIM,Lima,yes,SPJC,LIM
6243,SPZO,large_airport,Alejandro Velasco Astete International Airport,-13.53569984,-71.938797,10860,SA,PE,PE-CUS,Cusco,yes,SPZO,CUZ
6247,SUMU,large_airport,Carrasco International /General C L Berisso Airport,-34.838402,-56.0308,105,SA,UY,UY-CA,Montevideo,yes,SUMU,MVD
6255,SVBC,large_airport,General José Antonio Anzoategui International Airport,10.111111,-64.692222,30,SA,VE,VE-B,Barcelona,yes,SVBC,BLA
6300,SVMI,large_airport,Simón Bolívar International Airport,10.601194,-66.991222,234,SA,VE,VE-X,Caracas,yes,SVMI,CCS
342096,TAO,large_airport,Qingdao Jiaodong International Airport,36.361953,120.088171,30,AS,CN,CN-37,"Jiaozhou, Qingdao",yes,ZSQD,TAO
6389,TLPL,large_airport,Hewanorra International Airport,13.7332,-60.952599,14,NA,LC,LC-11,Vieux Fort,yes,TLPL,UVF
6421,UAAA,large_airport,Almaty International Airport,43.3521,77.040497,2234,AS,KZ,KZ-ALM,Almaty,yes,UAAA,ALA
6423,UACC,large_airport,Nursultan Nazarbayev International Airport,51.022202,71.466904,1165,AS,KZ,KZ-AKM,Nur-Sultan,yes,UACC,NQZ
6426,UAFM,large_airport,Manas International Airport,43.06129837,74.4776001,2058,AS,KG,KG-C,Bishkek,yes,UCFM,FRU
337747,UAIT,large_airport,Hazrat Sultan International Airport,43.313126,68.549881,1,AS,KZ,KZ-YUZ,,yes,UAIT,HSA
6440,UBBB,large_airport,Heydar Aliyev International Airport,40.46749878,50.04669952,10,AS,AZ,AZ-BA,Baku,yes,UBBB,GYD
6446,UDYZ,large_airport,Zvartnots International Airport,40.14730072,44.39590073,2838,AS,AM,AM-ER,Yerevan,yes,UDYZ,EVN
6453,UGTB,large_airport,Tbilisi International Airport,41.6692009,44.95470047,1624,AS,GE,GE-TB,Tbilisi,yes,UGTB,TBS
6462,UHWW,large_airport,Vladivostok International Airport,43.396256,132.148155,59,EU,RU,RU-PRI,Artyom,yes,UHWW,VVO
6467,UKBB,large_airport,Boryspil International Airport,50.34500122,30.8946991,427,EU,UA,UA-32,Kiev,yes,UKBB,KBP
6481,UKLL,large_airport,Lviv International Airport,49.8125,23.9561,1071,EU,UA,UA-46,Lviv,yes,UKLL,LWO
6489,ULLI,large_airport,Pulkovo Airport,59.8003006,30.26250076,78,EU,RU,RU-SPE,St. Petersburg,yes,ULLI,LED
6501,UMMS,large_airport,Minsk National Airport,53.888071,28.039964,670,EU,BY,BY-MI,Minsk,yes,UMMS,MSQ
6506,UNKL,large_airport,Krasnoyarsk International Airport,56.173077,92.492437,942,EU,RU,RU-KYA,Krasnoyarsk,yes,UNKL,KJA
6507,UNNT,large_airport,Novosibirsk Tolmachevo Airport,55.019756,82.618675,365,EU,RU,RU-NVS,Novosibirsk,yes,UNNT,OVB
326363,URRP,large_airport,Platov International Airport,47.493888,39.924722,213,EU,RU,RU-ROS,Rostov-on-Don,yes,URRP,ROV
6519,URSS,large_airport,Sochi International Airport,43.449902,39.9566,89,EU,RU,RU-KDA,Sochi,yes,URSS,AER
26378,USSS,large_airport,Koltsovo Airport,56.74309921,60.80270004,764,AS,RU,RU-SVE,Yekaterinburg,yes,USSS,SVX
26380,UTAA,large_airport,Ashgabat International Airport,37.986801,58.361,692,AS,TM,TM-A,Ashgabat,yes,UTAA,ASB
26392,UTTT,large_airport,Tashkent International Airport,41.25790024,69.28119659,1417,AS,UZ,UZ-TO,Tashkent,yes,UTTT,TAS
42967,UUBW,large_airport,Zhukovsky International Airport,55.553299,38.150002,377,EU,RU,RU-MOS,Moscow,yes,UUBW,ZIA
26394,UUDD,large_airport,Domodedovo International Airport,55.40879822,37.90629959,588,EU,RU,RU-MOS,Moscow,yes,UUDD,DME
26396,UUEE,large_airport,Sheremetyevo International Airport,55.972599,37.4146,622,EU,RU,RU-MOS,Moscow,yes,UUEE,SVO
26401,UUWW,large_airport,Vnukovo International Airport,55.59149933,37.26150131,685,EU,RU,RU-MOS,Moscow,yes,UUWW,VKO
26404,UWKD,large_airport,Kazan International Airport,55.60620117,49.27870178,411,EU,RU,RU-TA,Kazan,yes,UWKD,KZN
339001,UWSG,large_airport,Gagarin International Airport,51.712778,46.171111,103,EU,RU,RU-SAR,Saratov,yes,UWSG,GSV
26411,UWUU,large_airport,Ufa International Airport,54.55749893,55.87440109,449,EU,RU,RU-BA,Ufa,yes,UWUU,UFA
26412,UWWW,large_airport,Kurumoch International Airport,53.50490189,50.16429901,477,EU,RU,RU-SAM,Samara,yes,UWWW,KUF
26434,VABB,large_airport,Chhatrapati Shivaji International Airport,19.08869934,72.86789703,39,AS,IN,IN-MM,Mumbai,yes,VABB,BOM
26444,VAGO,large_airport,Dabolim Airport,15.38080025,73.83139801,150,AS,IN,IN-GA,Vasco da Gama,yes,VOGO,GOI
26463,VCBI,large_airport,Bandaranaike International Colombo Airport,7.180759907,79.88410187,30,AS,LK,LK-1,Colombo,yes,VCBI,CMB
309579,VCRI,large_airport,Mattala Rajapaksa International Airport,6.284467,81.124128,157,AS,LK,LK-3,,yes,VCRI,HRI
26475,VDPP,large_airport,Phnom Penh International Airport,11.5466,104.844002,40,AS,KH,KH-12,Phnom Penh (Pou Senchey),yes,VDPP,PNH
26476,VDSR,large_airport,Siem Reap International Airport,13.41155,103.813044,60,AS,KH,KH-17,Siem Reap,yes,VDSR,REP
26496,VECC,large_airport,Netaji Subhash Chandra Bose International Airport,22.65469933,88.44670105,16,AS,IN,IN-WB,Kolkata,yes,VECC,CCU
26534,VGZR,large_airport,Hazrat Shahjalal International Airport,23.843347,90.397783,30,AS,BD,BD-3,Dhaka,yes,VGHS,DAC
26555,VIDP,large_airport,Indira Gandhi International Airport,28.55563,77.09519,777,AS,IN,IN-DL,New Delhi,yes,VIDP,DEL
26596,VNKT,large_airport,Tribhuvan International Airport,27.6966,85.3591,4390,AS,NP,NP-BA,Kathmandu,yes,VNKT,KTM
35145,VOBL,large_airport,Kempegowda International Airport,13.1979,77.706299,3000,AS,IN,IN-KA,Bangalore,yes,VOBL,BLR
26609,VOCI,large_airport,Cochin International Airport,10.152,76.401901,30,AS,IN,IN-KL,Kochi,yes,VOCI,COK
35141,VOHS,large_airport,Rajiv Gandhi International Airport,17.231318,78.429855,2024,AS,IN,IN-TG,Hyderabad,yes,VOHS,HYD
26618,VOMM,large_airport,Chennai International Airport,12.990005,80.169296,52,AS,IN,IN-TN,Chennai,yes,VOMM,MAA
26629,VOTV,large_airport,Trivandrum International Airport,8.48211956,76.92009735,15,AS,IN,IN-KL,Thiruvananthapuram,yes,VOTV,TRV
26636,VRMM,large_airport,Malé International Airport,4.191830158,73.52909851,6,AS,MV,MV-MLE,Malé,yes,VRMM,MLE
26638,VTBD,large_airport,Don Mueang International Airport,13.91259956,100.6070023,9,AS,TH,TH-10,Bangkok,yes,VTBD,DMK
28118,VTBS,large_airport,Suvarnabhumi Airport,13.68109989,100.7470016,5,AS,TH,TH-10,Bangkok,yes,VTBS,BKK
26647,VTCC,large_airport,Chiang Mai International Airport,18.76679993,98.96260071,1036,AS,TH,TH-50,Chiang Mai,yes,VTCC,CNX
26674,VTSP,large_airport,Phuket International Airport,8.1132,98.316902,82,AS,TH,TH-83,Phuket,yes,VTSP,HKT
26700,VVNB,large_airport,Noi Bai International Airport,21.221201,105.806999,39,AS,VN,VN-RRD,"Soc Son, Hanoi",yes,VVNB,HAN
26708,VVTS,large_airport,Tan Son Nhat International Airport,10.8188,106.652,33,AS,VN,VN-SE,Ho Chi Minh City,yes,VVTS,SGN
26727,VYMD,large_airport,Mandalay International Airport,21.70219994,95.97789764,300,AS,MM,MM-04,Mandalay,yes,VYMD,MDL
26744,VYYY,large_airport,Yangon International Airport,16.90730095,96.1332016,109,AS,MM,MM-06,Yangon,yes,VYYY,RGN
26745,WAAA,large_airport,Hasanuddin International Airport,-5.061629772,119.5540009,47,AS,ID,ID-SN,Ujung Pandang-Celebes Island,yes,WAAA,UPG
26751,WADD,large_airport,Ngurah Rai (Bali) International Airport,-8.748169899,115.1669998,14,AS,ID,ID-BA,Denpasar-Bali Island,yes,WADD,DPS
26755,WAJJ,large_airport,Sentani International Airport,-2.57695,140.516006,289,AS,ID,ID-PA,Jayapura-Papua Island,yes,WAJJ,DJJ
26789,WARR,large_airport,Juanda International Airport,-7.379829884,112.7870026,9,AS,ID,ID-JI,Surabaya,yes,WARR,SUB
26819,WBSB,large_airport,Brunei International Airport,4.9442,114.928001,73,AS,BN,BN-BM,Bandar Seri Begawan,yes,WBSB,BWN
26835,WIII,large_airport,Soekarno-Hatta International Airport,-6.12556982,106.6559982,34,AS,ID,ID-BT,Jakarta,yes,WIII,CGK
26874,WMKK,large_airport,Kuala Lumpur International Airport,2.745579958,101.7099991,69,AS,MY,MY-14,Kuala Lumpur,yes,WMKK,KUL
26887,WSSS,large_airport,Singapore Changi Airport,1.35019,103.994003,22,AS,SG,SG-04,Singapore,yes,WSSS,SIN
26901,YBBN,large_airport,Brisbane International Airport,-27.38419914,153.1170044,13,OC,AU,AU-QLD,Brisbane,yes,YBBN,BNE
27066,YMML,large_airport,Melbourne International Airport,-37.673302,144.843002,434,OC,AU,AU-VIC,Melbourne,yes,YMML,MEL
332096,YNT,large_airport,Yantai Penglai International Airport,37.659724,120.978124,154,AS,CN,CN-37,Yantai,yes,ZSYT,YNT
27096,YPAD,large_airport,Adelaide International Airport,-34.947512,138.533393,20,OC,AU,AU-SA,Adelaide,yes,YPAD,ADL
27119,YPPH,large_airport,Perth International Airport,-31.94029999,115.9670029,67,OC,AU,AU-WA,Perth,yes,YPPH,PER
27145,YSSY,large_airport,Sydney Kingsford Smith International Airport,-33.94609833,151.177002,21,OC,AU,AU-NSW,Sydney,yes,YSSY,SYD
27188,ZBAA,large_airport,Beijing Capital International Airport,40.08010101,116.5849991,116,AS,CN,CN-11,Beijing,yes,ZBAA,PEK
330820,ZBAD,large_airport,Beijing Daxing International Airport,39.509945,116.41092,98,AS,CN,CN-11,Beijing,yes,ZBAD,PKX
27189,ZBHH,large_airport,Baita International Airport,40.851398,111.823997,3556,AS,CN,CN-15,Hohhot,yes,ZBHH,HET
27192,ZBTJ,large_airport,Tianjin Binhai International Airport,39.12440109,117.3460007,10,AS,CN,CN-12,Tianjin,yes,ZBTJ,TSN
27193,ZBYN,large_airport,Taiyuan Wusu Airport,37.746899,112.627998,2575,AS,CN,CN-14,Taiyuan,yes,ZBYN,TYN
27194,ZGGG,large_airport,Guangzhou Baiyun International Airport,23.392401,113.299004,50,AS,CN,CN-44,Guangzhou (Huadu),yes,ZGGG,CAN
27195,ZGHA,large_airport,Changsha Huanghua International Airport,28.18919945,113.2200012,217,AS,CN,CN-43,Changsha,yes,ZGHA,CSX
27196,ZGKL,large_airport,Guilin Liangjiang International Airport,25.219828,110.039553,570,AS,CN,CN-45,Guilin (Lingui),yes,ZGKL,KWL
27197,ZGNN,large_airport,Nanning Wuxu Airport,22.608299,108.171997,421,AS,CN,CN-45,Nanning (Jiangnan),yes,ZGNN,NNG
27198,ZGSZ,large_airport,Shenzhen Bao'an International Airport,22.639299,113.810997,13,AS,CN,CN-44,Shenzhen (Bao'an),yes,ZGSZ,SZX
27199,ZHCC,large_airport,Zhengzhou Xinzheng International Airport,34.526497,113.849165,495,AS,CN,CN-41,Zhengzhou,yes,ZHCC,CGO
27200,ZHHH,large_airport,Wuhan Tianhe International Airport,30.774798,114.213723,113,AS,CN,CN-42,Wuhan,yes,ZHHH,WUH
27201,ZJHK,large_airport,Haikou Meilan International Airport,19.9349,110.459,75,AS,CN,CN-46,Haikou (Meilan),yes,ZJHK,HAK
27202,ZJSY,large_airport,Sanya Phoenix International Airport,18.3029,109.412003,92,AS,CN,CN-46,Sanya (Tianya),yes,ZJSY,SYX
27204,ZLLL,large_airport,Lanzhou Zhongchuan International Airport,36.515202,103.620003,6388,AS,CN,CN-62,Lanzhou,yes,ZLLL,LHW
27205,ZLXY,large_airport,Xi'an Xianyang International Airport,34.447102,108.751999,1572,AS,CN,CN-61,Xi'an,yes,ZLXY,XIY
335326,ZMCK,large_airport,Ulaanbaatar Chinggis Khaan International Airport,47.646916,106.819833,4482,AS,MN,MN-047,Ulaanbaatar (Sergelen),yes,ZMCK,UBN
27214,ZPPP,large_airport,Kunming Changshui International Airport,25.1019444,102.9291667,6903,AS,CN,CN-53,Kunming,yes,ZPPP,KMG
27215,ZSAM,large_airport,Xiamen Gaoqi International Airport,24.54400063,118.1279984,59,AS,CN,CN-35,Xiamen,yes,ZSAM,XMN
27216,ZSCN,large_airport,Nanchang Changbei International Airport,28.864815,115.90271,143,AS,CN,CN-36,Nanchang,yes,ZSCN,KHN
27217,ZSFZ,large_airport,Fuzhou Changle International Airport,25.934669,119.66318,46,AS,CN,CN-35,Fuzhou,no,ZSFZ,FOC
27218,ZSHC,large_airport,Hangzhou Xiaoshan International Airport,30.23609,120.428865,23,AS,CN,CN-33,Hangzhou,yes,ZSHC,HGH
27219,ZSJN,large_airport,Jinan Yaoqiang International Airport,36.857201,117.216003,76,AS,CN,CN-37,Jinan,yes,ZSJN,TNA
27220,ZSNB,large_airport,Ningbo Lishe International Airport,29.82670021,121.461998,13,AS,CN,CN-33,Ningbo,yes,ZSNB,NGB
27221,ZSNJ,large_airport,Nanjing Lukou International Airport,31.735032,118.865949,49,AS,CN,CN-32,Nanjing,yes,ZSNJ,NKG
27223,ZSPD,large_airport,Shanghai Pudong International Airport,31.1434,121.805,13,AS,CN,CN-31,Shanghai (Pudong),yes,ZSPD,PVG
27225,ZSSS,large_airport,Shanghai Hongqiao International Airport,31.198104,121.33426,10,AS,CN,CN-31,Shanghai (Minhang),yes,ZSSS,SHA
32672,ZSWZ,large_airport,Wenzhou Longwan International Airport,27.912201,120.851997,,AS,CN,CN-33,Wenzhou,yes,ZSWZ,WNZ
27228,ZUCK,large_airport,Chongqing Jiangbei International Airport,29.712254,106.651895,1365,AS,CN,CN-50,Chongqing,yes,ZUCK,CKG
27229,ZUGY,large_airport,Longdongbao Airport,26.53849983,106.8010025,3736,AS,CN,CN-52,Guiyang,yes,ZUGY,KWE
342095,ZUTF,large_airport,Chengdu Tianfu International Airport,30.31252,104.441284,1440,AS,CN,CN-51,"Jianyang, Chengdu",yes,ZUTF,TFU
27230,ZUUU,large_airport,Chengdu Shuangliu International Airport,30.558257,103.945966,1625,AS,CN,CN-51,Chengdu,yes,ZUUU,CTU
27236,ZWWW,large_airport,Ürümqi Diwopu International Airport,43.90710068,87.47419739,2125,AS,CN,CN-65,Ürümqi,yes,ZWWW,URC
27237,ZYCC,large_airport,Changchun Longjia International Airport,43.996201,125.684998,706,AS,CN,CN-22,Changchun,yes,ZYCC,CGQ
27238,ZYHB,large_airport,Harbin Taiping International Airport,45.623402,126.25,457,AS,CN,CN-23,Harbin,yes,ZYHB,HRB
27242,ZYTL,large_airport,Dalian Zhoushuizi International Airport,38.965698,121.539001,107,AS,CN,CN-21,"Ganjingzi, Dalian",yes,ZYTL,DLC
27243,ZYTX,large_airport,Shenyang Taoxian International Airport,41.639801,123.483002,198,AS,CN,CN-21,"Hunnan, Shenyang",yes,ZYTX,SHE
